{
  "code": "[code]",
  "stateId": "response",
  "endpointType": "[endpointType]",
  "transactionFolio": "[transactionFolio]",
  "siteId": "[siteId]",
  "wsNo": "[wsNo]",
  "posInfo": "[posInfo]",
  "sequenceNo": "[sequenceNo]",
  "thingId": "[thingId]",
  "requestStatus": "SUCCESS",
  "transactionStatus": "CANCELED",
  "timestamp": "[timestamp:iso]",
    "dataCommand": {
    "txnAmount": "[dataTransaction.transAmount]",
    "referenceNumber": "[dataTransaction.referenceNumber]",
    "cashbackAmount": "[dataTransaction.cashback]",
    "tipAmount": "[dataTransaction.tip]",
    "currencyCode": "[dataTransaction.transCurrency]",
    "accountNumber": "4189143011229518",
    "cardHolderName": "PAYWAVE/VISA",
    "entryMode": "07",
    "applicationId": "A0000000031010",
    "tvr": "0000000000",
    "issuerName": "BBVA",
    "brandName": "VISA",
    "cardName": "Visa",
    "cardType": "1",
    "cardDiscount": "[dataTransaction.cardDiscount]",
    "firstPurchase": "[dataTransaction.firstPurchase]",
    "paymentPlan": "[dataTransaction.paymentPlan]",
    "paymentPlanOption": "[dataTransaction.paymentPlanOption]",
    "responseMessage": "Consulta exitosa",
    "approvalCode": "SBT8C1",
    "signatureFlag": "1",
    "merchantId": "123456",
    "txnDate": "[timestamp:date:YYMMDD]",
    "txnTime": "[timestamp:time:HHMMSS]",
    "balanceBeforePoints": "[dataTransaction.balanceBeforePoints]",
    "pointsUsed": "[dataTransaction.pointsUsed]",
    "balanceAfterPoints": "[dataTransaction.balanceAfterPoints]",
    "pwTermIdAut": "[dataTransaction.terminalIdaut]",
    "pwControlNumber": "[dataTransaction.numeroControl]",
    "pwOriginalReference": "[dataTransaction.referenciaOriginal]",
    "pwReference": "[dataTransaction.referencia]",
    "acceptLoyaltyPayment": "[dataTransaction.acceptLoyaltyPayment]",
    "signatureBytes": "[dataTransaction.signatureBytes]",
    "responseCode": "00",
    "suggestQuery": false,
    "tsn": "[sequenceNo]",
    "tsi": "E800",
    "arqc": "D7D272C26AC18CB4",
    "rrn": "1234567890"
  }
}