{
  "code": "[code]",
  "stateId": "response",
  "endpointType": "[endpointType]",
  "requestStatus": "ERROR",
  "transactionStatus": "NOT_PROCESSED",
  "timestamp": "[timestamp:iso]",
  "dataCommand": {
    "responseCode": "99",
    "responseMessage": "Proceso fallido",
    "errorCode": "990016",
    "errorMessage": "Tiempo de espera agotado",
    "suggestQuery": true
  },
  "siteId": "[siteId]",
  "wsNo": "[wsNo]",
  "posInfo": "[posInfo]",
  "sequenceNo": "[sequenceNo]",
  "thingId": "[thingId]"
}
