{
  "code": "[code]",
  "stateId": "response",
  "endpointType": "[endpointType]",
  "transactionFolio": "[transactionFolio]",
  "siteId": "[siteId]",
  "wsNo": "[wsNo]",
  "posInfo": "[posInfo]",
  "sequenceNo": "[sequenceNo]",
  "thingId": "[thingId]",
  "requestStatus": "SUCCESS",
  "transactionStatus": "NOT_PROCESSED",
  "timestamp": "[timestamp:iso]",
  "dataCommand": {
    "responseCode": "40",
    "responseMessage": "Llave expirada, logon requerido",
    "errorCode": "990012",
    "errorMessage": "Llave expirada, logon requerido",
    "suggestQuery": false
  }
}