{
  "code": "[code]",
  "stateId": "response",
  "endpointType": "[endpointType]",
  "transactionFolio": "[transactionFolio]",
  "siteId": "[siteId]",
  "wsNo": "[wsNo]",
  "posInfo": "[posInfo]",
  "sequenceNo": "[sequenceNo]",
  "thingId": "[thingId]",
  "requestStatus": "SUCCESS",
  "transactionStatus": "NOT_PROCESSED",
  "timestamp": "[timestamp:iso]",
  "dataCommand": {
    "responseCode": "99",
    "responseMessage": "Proceso fallido",
    "errorCode": "990013",
    "errorMessage": "Venta a la que se quiere aplicar la cancelación no existe",
    "suggestQuery": false
  }
}