{
  "code": "[code]",
  "stateId": "response", 
  "endpointType": "[endpointType]",
  "transactionFolio": "[transactionFolio]",
  "siteId": "[siteId]",
  "wsNo": "[wsNo]",
  "posInfo": "[posInfo]",
  "sequenceNo": "[sequenceNo]",
  "thingId": "[thingId]",
  "requestStatus": "ERROR",
  "transactionStatus": "NOT_PROCESSED",
  "timestamp": "[timestamp:iso]",
  "dataCommand": {
    "responseCode": "99",
    "responseMessage": "Proceso fallido",
    "errorCode": "990003",
    "errorMessage": "El pinpad no responde",
    "suggestQuery": false
}