{
  "code": "[code]",
  "stateId": "response",
  "endpointType": "[endpointType]",
  "transactionFolio": "[transactionFolio]",
  "siteId": "[siteId]",
  "wsNo": "[wsNo]",
  "posInfo": "[posInfo]",
  "sequenceNo": "[sequenceNo]",
  "thingId": "[thingId]",
  "requestStatus": "ERROR",
  "transactionStatus": "NOT_PROCESSED",
  "timestamp": "[timestamp:iso]",
  "dataCommand": {
    "responseCode": "99",
    "responseMessage": "Error en el sistema",
    "errorCode": "14057",
    "errorMessage": "Error leyendo contactless",
    "suggestQuery": false
  }
}
