{
  "code": "[code]",
  "stateId": "response",
  "endpointType": "[endpointType]",
  "transactionFolio": "[transactionFolio]",
  "siteId": "[siteId]",
  "wsNo": "[wsNo]",
  "posInfo": "[posInfo]",
  "sequenceNo": "[sequenceNo]",
  "thingId": "[thingId]",
  "requestStatus": "SUCCESS",
  "transactionStatus": "DECLINED",
  "timestamp": "[timestamp:iso]",
  "dataCommand": {
    "responseCode": "65",
    "responseMessage": "Excede el límite de frecuencia de retiro anterior",
    "suggestQuery": false
  }
}
