{
  "code": "[code]",
  "stateId": "response",
  "endpointType": "[endpointType]",
  "transactionFolio": "[transactionFolio]",
  "siteId": "[siteId]",
  "wsNo": "[wsNo]",
  "posInfo": "[posInfo]",
  "sequenceNo": "[sequenceNo]",
  "thingId": "[thingId]",
  "requestStatus": "SUCCESS",
  "transactionStatus": "NOT_PROCESSED",
  "timestamp": "[timestamp:iso]",
  "dataCommand": {
    "responseCode": "90",
    "responseMessage": "Cierre en proceso (reintenta más tarde)",
    "suggestQuery": false
  }
}