{
  "transaction_code": "1001",
  "transaction_name": "VENTA",
  "description": "Mapeo completo actualizado de amounts para respuestas de transacción 1001 según tabla oficial",
  "logic": {
    "montos_aprobados": "Montos ≥ 500.00 siempre resultan en SUCCESS + APPROVED usando template 'approved.json'",
    "monto_especifico_100": "Monto 100.00 usa template '100.00.json' con SUCCESS + APPROVED",
    "montos_declinados": "Montos específicos < 500.00 usan templates de SUCCESS + DECLINED o SUCCESS + NOT_PROCESSED",
    "errores_sistema": "Montos 103,104,105,107,111,112 usan templates de ERROR + NOT_PROCESSED"
  },
  "mappings": {
    "100.00": {
      "template": "100.00.json",
      "response_code": "00",
      "response_message": "Aprobada",
      "request_status": "SUCCESS",
      "transaction_status": "APPROVED",
      "http_status": 200,
      "description": "Transacción aprobada - Modelo 1 (monto específico 100.00)"
    },
    "approved": {
      "template": "approved.json",
      "response_code": "00",
      "response_message": "Aprobada",
      "request_status": "SUCCESS",
      "transaction_status": "APPROVED",
      "http_status": 200,
      "description": "Transacción aprobada - Modelo 1 (montos ≥ 500.00)"
    },
    "101.00": {
      "template": "101.00.json",
      "response_code": "99",
      "response_message": "Proceso fallido",
      "error_code": "990001",
      "error_message": "El usuario retiró la tarjeta",
      "request_status": "SUCCESS",
      "transaction_status": "DECLINED",
      "http_status": 200,
      "description": "Transacción declinada - Modelo 2"
    },
    "102.00": {
      "template": "102.00.json",
      "response_code": "99",
      "response_message": "Proceso fallido",
      "error_code": "990002",
      "error_message": "Error leyendo contactless",
      "request_status": "SUCCESS",
      "transaction_status": "NOT_PROCESSED",
      "http_status": 200,
      "description": "Transacción no procesada - Modelo 4"
    },
    "103.00": {
      "template": "103.00.json",
      "response_code": "99",
      "response_message": "Proceso fallido",
      "error_code": "990003",
      "error_message": "El pinpad no responde",
      "request_status": "ERROR",
      "transaction_status": "NOT_PROCESSED",
      "http_status": 400,
      "description": "Error de procesamiento - Modelo 3"
    },
    "104.00": {
      "template": "104.00.json",
      "response_code": "99",
      "response_message": "Proceso fallido",
      "error_code": "990004",
      "error_message": "No existe POS o no tiene asignada una jerarquía",
      "request_status": "ERROR",
      "transaction_status": "NOT_PROCESSED",
      "http_status": 400,
      "description": "Error de procesamiento - Modelo 3"
    },
    "105.00": {
      "template": "105.00.json",
      "response_code": "99",
      "response_message": "Proceso fallido",
      "error_code": "990005",
      "error_message": "Servicio no disponible",
      "request_status": "ERROR",
      "transaction_status": "NOT_PROCESSED",
      "http_status": 400,
      "description": "Error de procesamiento - Modelo 3"
    },
    "106.00": {
      "template": "106.00.json",
      "response_code": "1A",
      "response_message": "Denegado por emisor",
      "request_status": "SUCCESS",
      "transaction_status": "DECLINED",
      "http_status": 200,
      "description": "Transacción declinada - Modelo 2"
    },
    "107.00": {
      "template": "107.00.json",
      "response_code": "99",
      "response_message": "Proceso fallido",
      "error_code": "990007",
      "error_message": "Cancelada por el usuario",
      "request_status": "ERROR",
      "transaction_status": "NOT_PROCESSED",
      "http_status": 400,
      "description": "Error de procesamiento - Modelo 3"
    },
    "108.00": {
      "template": "108.00.json",
      "response_code": "Q3",
      "response_message": "Denegado por emisor",
      "request_status": "SUCCESS",
      "transaction_status": "DECLINED",
      "http_status": 200,
      "description": "Transacción declinada - Modelo 2"
    },
    "109.00": {
      "template": "109.00.json",
      "response_code": "01",
      "response_message": "Llamar al emisor",
      "request_status": "SUCCESS",
      "transaction_status": "DECLINED",
      "http_status": 200,
      "description": "Transacción declinada - Modelo 2"
    },
    "110.00": {
      "template": "110.00.json",
      "response_code": "03",
      "response_message": "Negocio inválido",
      "request_status": "SUCCESS",
      "transaction_status": "DECLINED",
      "http_status": 200,
      "description": "Transacción declinada - Modelo 2"
    },
    "111.00": {
      "template": "111.00.json",
      "response_code": "99",
      "response_message": "Error en el sistema",
      "error_code": "14057",
      "error_message": "Error leyendo contactless",
      "request_status": "ERROR",
      "transaction_status": "NOT_PROCESSED",
      "http_status": 400,
      "description": "Error de procesamiento - Modelo 3"
    },
    "112.00": {
      "template": "112.00.json",
      "response_code": "99",
      "response_message": "Error en el sistema",
      "error_code": "1074",
      "error_message": "Cliente no existe",
      "request_status": "ERROR",
      "transaction_status": "NOT_PROCESSED",
      "http_status": 400,
      "description": "Error de procesamiento - Modelo 3"
    },
    "113.00": {
      "template": "113.00.json",
      "response_code": "07",
      "response_message": "Servicio no disponible",
      "request_status": "SUCCESS",
      "transaction_status": "DECLINED",
      "http_status": 200,
      "description": "Transacción declinada - Modelo 2"
    },
    "114.00": {
      "template": "114.00.json",
      "response_code": "10",
      "response_message": "Cantidad inválida",
      "request_status": "SUCCESS",
      "transaction_status": "DECLINED",
      "http_status": 200,
      "description": "Transacción declinada - Modelo 2"
    },
    "115.00": {
      "template": "115.00.json",
      "response_code": "12",
      "response_message": "Transacción no válida",
      "request_status": "SUCCESS",
      "transaction_status": "DECLINED",
      "http_status": 200,
      "description": "Transacción declinada - Modelo 2"
    },
    "116.00": {
      "template": "116.00.json",
      "response_code": "30",
      "response_message": "Error de formato",
      "request_status": "SUCCESS",
      "transaction_status": "DECLINED",
      "http_status": 200,
      "description": "Transacción declinada - Modelo 2"
    },
    "117.00": {
      "template": "117.00.json",
      "response_code": "31",
      "response_message": "Tarjeta no soportada",
      "request_status": "SUCCESS",
      "transaction_status": "DECLINED",
      "http_status": 200,
      "description": "Transacción declinada - Modelo 2"
    },
    "118.00": {
      "template": "118.00.json",
      "response_code": "33",
      "response_message": "Tarjeta expirada",
      "request_status": "SUCCESS",
      "transaction_status": "DECLINED",
      "http_status": 200,
      "description": "Transacción declinada - Modelo 2"
    },
    "119.00": {
      "template": "119.00.json",
      "response_code": "34",
      "response_message": "Denegada",
      "request_status": "SUCCESS",
      "transaction_status": "DECLINED",
      "http_status": 200,
      "description": "Transacción declinada - Modelo 2"
    },
    "121.00": {
      "template": "121.00.json",
      "response_code": "36",
      "response_message": "Denegada",
      "request_status": "SUCCESS",
      "transaction_status": "DECLINED",
      "http_status": 200,
      "description": "Transacción declinada - Modelo 2"
    },
    "122.00": {
      "template": "122.00.json",
      "response_code": "37",
      "response_message": "Denegada",
      "request_status": "SUCCESS",
      "transaction_status": "DECLINED",
      "http_status": 200,
      "description": "Transacción declinada - Modelo 2"
    },
    "123.00": {
      "template": "123.00.json",
      "response_code": "38",
      "response_message": "Denegada",
      "request_status": "SUCCESS",
      "transaction_status": "DECLINED",
      "http_status": 200,
      "description": "Transacción declinada - Modelo 2"
    },
    "124.00": {
      "template": "124.00.json",
      "response_code": "39",
      "response_message": "Denegada",
      "request_status": "SUCCESS",
      "transaction_status": "DECLINED",
      "http_status": 200,
      "description": "Transacción declinada - Modelo 2"
    },
    "125.00": {
      "template": "125.00.json",
      "response_code": "40",
      "response_message": "Llave expirada, logon requerido",
      "error_code": "990012",
      "error_message": "Llave expirada, logon requerido",
      "request_status": "SUCCESS",
      "transaction_status": "NOT_PROCESSED",
      "http_status": 200,
      "description": "Transacción no procesada - Modelo 4"
    },
    "126.00": {
      "template": "126.00.json",
      "response_code": "41",
      "response_message": "Tarjeta perdida",
      "request_status": "SUCCESS",
      "transaction_status": "DECLINED",
      "http_status": 200,
      "description": "Transacción declinada - Modelo 2"
    },
    "127.00": {
      "template": "127.00.json",
      "response_code": "43",
      "response_message": "Tarjeta robada",
      "request_status": "SUCCESS",
      "transaction_status": "DECLINED",
      "http_status": 200,
      "description": "Transacción declinada - Modelo 2"
    },
    "128.00": {
      "template": "128.00.json",
      "response_code": "51",
      "response_message": "Fondos insuficientes",
      "request_status": "SUCCESS",
      "transaction_status": "DECLINED",
      "http_status": 200,
      "description": "Transacción declinada - Modelo 2"
    },
    "130.00": {
      "template": "130.00.json",
      "response_code": "55",
      "response_message": "PIN incorrecto",
      "request_status": "SUCCESS",
      "transaction_status": "DECLINED",
      "http_status": 200,
      "description": "Transacción declinada - Modelo 2"
    },
    "131.00": {
      "template": "131.00.json",
      "response_code": "56",
      "response_message": "Tarjeta no encontrada",
      "request_status": "SUCCESS",
      "transaction_status": "DECLINED",
      "http_status": 200,
      "description": "Transacción declinada - Modelo 2"
    },
    "132.00": {
      "template": "132.00.json",
      "response_code": "57",
      "response_message": "Plan o plazo incorrecto",
      "request_status": "SUCCESS",
      "transaction_status": "DECLINED",
      "http_status": 200,
      "description": "Transacción declinada - Modelo 2"
    },
    "133.00": {
      "template": "133.00.json",
      "response_code": "58",
      "response_message": "Transacción no permitida",
      "request_status": "SUCCESS",
      "transaction_status": "DECLINED",
      "http_status": 200,
      "description": "Transacción declinada - Modelo 2"
    },
    "134.00": {
      "template": "134.00.json",
      "response_code": "59",
      "response_message": "Sospecha de fraude",
      "request_status": "SUCCESS",
      "transaction_status": "DECLINED",
      "http_status": 200,
      "description": "Transacción declinada - Modelo 2"
    },
    "135.00": {
      "template": "135.00.json",
      "response_code": "61",
      "response_message": "Excedido el límite de retiro",
      "request_status": "SUCCESS",
      "transaction_status": "DECLINED",
      "http_status": 200,
      "description": "Transacción declinada - Modelo 2"
    },
    "137.00": {
      "template": "137.00.json",
      "response_code": "65",
      "response_message": "Excede el límite de frecuencia de retiro anterior",
      "request_status": "SUCCESS",
      "transaction_status": "DECLINED",
      "http_status": 200,
      "description": "Transacción declinada - Modelo 2"
    },
    "138.00": {
      "template": "138.00.json",
      "response_code": "68",
      "response_message": "Respuesta recibida muy tarde",
      "request_status": "SUCCESS",
      "transaction_status": "DECLINED",
      "http_status": 200,
      "description": "Transacción declinada - Modelo 2"
    },
    "140.00": {
      "template": "140.00.json",
      "response_code": "70",
      "response_message": "Error descifrando track2",
      "request_status": "SUCCESS",
      "transaction_status": "DECLINED",
      "http_status": 200,
      "description": "Transacción declinada - Modelo 2"
    },
    "141.00": {
      "template": "141.00.json",
      "response_code": "71",
      "response_message": "Debe inicializar llaves",
      "request_status": "SUCCESS",
      "transaction_status": "DECLINED",
      "http_status": 200,
      "description": "Transacción declinada - Modelo 2"
    },
    "142.00": {
      "template": "142.00.json",
      "response_code": "72",
      "response_message": "Problema inicializando llaves",
      "request_status": "SUCCESS",
      "transaction_status": "DECLINED",
      "http_status": 200,
      "description": "Transacción declinada - Modelo 2"
    },
    "143.00": {
      "template": "143.00.json",
      "response_code": "74",
      "response_message": "PIN bloqueado",
      "request_status": "SUCCESS",
      "transaction_status": "DECLINED",
      "http_status": 200,
      "description": "Transacción declinada - Modelo 2"
    },
    "144.00": {
      "template": "144.00.json",
      "response_code": "75",
      "response_message": "Número de intentos de NIP excedido",
      "request_status": "SUCCESS",
      "transaction_status": "DECLINED",
      "http_status": 200,
      "description": "Transacción declinada - Modelo 2"
    },
    "145.00": {
      "template": "145.00.json",
      "response_code": "90",
      "response_message": "Cierre en proceso (reintenta más tarde)",
      "request_status": "SUCCESS",
      "transaction_status": "NOT_PROCESSED",
      "http_status": 200,
      "description": "Transacción no procesada - Modelo 4"
    },
    "146.00": {
      "template": "146.00.json",
      "response_code": "91",
      "response_message": "Sin respuesta del banco",
      "request_status": "SUCCESS",
      "transaction_status": "DECLINED",
      "http_status": 200,
      "description": "Transacción declinada - Modelo 2"
    },
    "147.00": {
      "template": "147.00.json",
      "response_code": "92",
      "response_message": "Respuesta inválida",
      "request_status": "SUCCESS",
      "transaction_status": "DECLINED",
      "http_status": 200,
      "description": "Transacción declinada - Modelo 2"
    },
    "149.00": {
      "template": "149.00.json",
      "response_code": "96",
      "response_message": "Error en el sistema",
      "request_status": "SUCCESS",
      "transaction_status": "DECLINED",
      "http_status": 200,
      "description": "Transacción declinada - Modelo 2"
    },
    "150.00": {
      "template": "150.00.json",
      "response_code": "97",
      "response_message": "Error MAC",
      "request_status": "SUCCESS",
      "transaction_status": "DECLINED",
      "http_status": 200,
      "description": "Transacción declinada - Modelo 2"
    },
    "151.00": {
      "template": "151.00.json",
      "response_code": "99",
      "response_message": "Proceso fallido",
      "error_code": "990015",
      "error_message": "Denegada EMV",
      "request_status": "SUCCESS",
      "transaction_status": "DECLINED",
      "http_status": 200,
      "description": "Transacción declinada - Modelo 2"
    },
    "152.00": {
      "template": "152.00.json",
      "response_code": "99",
      "response_message": "Proceso fallido",
      "request_status": "SUCCESS",
      "transaction_status": "DECLINED",
      "http_status": 200,
      "description": "Transacción declinada - Modelo 2"
    },
    "153.00": {
      "template": "153.00.json",
      "response_code": "1A",
      "response_message": "Se requiere autenticación adicional del cliente",
      "request_status": "SUCCESS",
      "transaction_status": "DECLINED",
      "http_status": 200,
      "description": "Transacción declinada - Modelo 2"
    },
    "155.00": {
      "template": "155.00.json",
      "response_code": "Q2",
      "response_message": "Código de transacción inválida",
      "request_status": "SUCCESS",
      "transaction_status": "DECLINED",
      "http_status": 200,
      "description": "Transacción declinada - Modelo 2"
    },
    "156.00": {
      "template": "156.00.json",
      "response_code": "Q3",
      "response_message": "Cuenta de destino inválida",
      "request_status": "SUCCESS",
      "transaction_status": "DECLINED",
      "http_status": 200,
      "description": "Transacción declinada - Modelo 2"
    }
  },
  "default_template": "default.json",
  "notes": "Mapeo completo actualizado según tabla oficial. Incluye todos los templates desde 100.00 hasta 156.00. Montos ≥500.00 → approved.json, 100.00 → 100.00.json con data extendida, otros montos según templates específicos. Error codes aplicados según especificación."
}