{
  "theme": "default",
  "themeVariables": {
    "background": "#ffffff",
    "primaryColor": "#eaeaea",
    "primaryTextColor": "#000000",
    "primaryBorderColor": "#666666",
    "lineColor": "#333333",
    "secondaryColor": "#f4f4f4",
    "tertiaryColor": "#ffffff",
    "mainBkg": "#eaeaea",
    "secondBkg": "#f4f4f4",
    "tertiaryBkg": "#ffffff",
    "primaryBorderColor": "#666666",
    "secondaryBorderColor": "#999999",
    "tertiaryBorderColor": "#cccccc",
    "primaryTextColor": "#000000",
    "secondaryTextColor": "#333333",
    "tertiaryTextColor": "#555555",
    "textColor": "#000000",
    "labelTextColor": "#000000",
    "actorBkg": "#eaeaea",
    "actorBorder": "#666666",
    "actorTextColor": "#000000",
    "actorLineColor": "#999999",
    "signalColor": "#333333",
    "signalTextColor": "#000000",
    "labelBoxBkgColor": "#eaeaea",
    "labelBoxBorderColor": "#666666",
    "labelTextColor": "#000000",
    "loopTextColor": "#000000",
    "noteBkgColor": "#ffffcc",
    "noteBorderColor": "#999999",
    "noteTextColor": "#333333",
    "activationBkgColor": "#f4f4f4",
    "activationBorderColor": "#666666",
    "sequenceNumberColor": "#ffffff",
    "fontFamily": "\"trebuchet ms\", verdana, arial, sans-serif",
    "fontSize": "16px"
  },
  "sequence": {
    "actorMargin": 50,
    "participantMargin": 50,
    "boxMargin": 10,
    "boxTextMargin": 5,
    "noteMargin": 10,
    "messageMargin": 35,
    "mirrorActors": true,
    "bottomMarginAdj": 1,
    "useMaxWidth": true,
    "rightAngles": false,
    "showSequenceNumbers": false,
    "actorFontSize": "14px",
    "actorFontFamily": "\"trebuchet ms\", verdana, arial, sans-serif",
    "messageFontSize": "16px",
    "messageFontFamily": "\"trebuchet ms\", verdana, arial, sans-serif"
  }
}