AMOUNT,txnAmount
REFERENCE_NUMBER,referenceNumber
SECUENCE_NUMBER,secuenceNumber
RRN,rrn
CASHBACK,cashbackAmount
TIP,tipAmount
CURRENCY_CODE,currencyCode
ACCOUNT_NUMBER,accountNumber
CARD_HOLDER_NAME,cardHolderName
ENTRY_MODE,entryMode
TAG_4F,applicationId
TAG_95,tvr
BANK_NAME,issuerName
BRAND_NAME,brandName
CARD_NAME,cardName
CARD_TYPE,cardType
CARD_DISCOUNT,cardDiscount
FIRST_PURCHASE,firstPurchase
PAYMENT_PLAN,paymentPlan
PAYMENT_PLAN_OPTION,paymentPlanOption
RESPONSE_MESSAGE,responseMessage
TXN_APPROVAL_CODE,approvalCode
SIGNATURE_FLAG,signatureFlag
MERCHANT_ID,merchantId
TXN_DATE,txnDate
TXN_TIME,txnTime
BALANCE_BEFORE_POINTS,balanceBeforePoints
POINTS_USED,pointsUsed
BALANCE_AFTER_POINTS,balanceAfterPoints
TERMINAL_IDAUT,pwTermIdAut
NUMERO_CONTROL,pwControlNumber
REFERENCIA_ORIGINAL,pwOriginalReference
REFERENCIA,pwReference
ACCEPT_LOYALTY_PAYMENT,acceptLoyaltyPayment
SIGNATURE_BYTES,signatureBytes
responseCode,responseCode
responseMessage,responseMessage
suggestQuery,suggestQuery
amount,txnAmount
currencyCode,currencyCode
cashback,cashbackAmount
tip,tipAmount
referenceNumber,referenceNumber
cardType,cardType
cardHolderName,cardHolderName
accountNumber,accountNumber
brandName,brandName
cardName,cardName
bankName,issuerName
entryMode,entryMode
aid,applicationId
appLabel,appLabel
appVersion,appVersion
txnApprovalCode,approvalCode
signatureFlag,signatureFlag
txnDate,txnDate
txnTime,txnTime
tsn,tsn
tvr,tvr
merchantId,merchantId
cardDiscount,cardDiscount
firstPurchase,firstPurchase
paymentPlan,paymentPlan
paymentPlanOption,paymentPlanOption
acceptLoyaltyPayment,acceptLoyaltyPayment
signatureBytes,signatureBytes
balanceBeforePoints,balanceBeforePoints
pointsUsed,pointsUsed
balanceAfterPoints,balanceAfterPoints
terminalIdaut,pwTermIdAut
numeroControl,pwControlNumber
referenciaOriginal,pwOriginalReference
referencia,pwReference
arqc,arqc